ID;Outline_Number;Name;Duration;Start_Date;Finish_Date;AsmTV;BigScreen;Major;Public;SumTask;Class;URL;Title_EN;Title_FI;Location_EN;Location_FI;Location_URL;Outline_Level
1;1;Preparing for party start;180 mins;Thu 6.8.10 9:00;Thu 6.8.10 12:00;No;No;No;No;Yes;;;;;;;;1
2;1.1;Guiding visitors;180 mins;Thu 6.8.10 9:00;Thu 6.8.10 12:00;No;No;No;No;No;Internal;;Guiding visitors;Guiding visitors;All entrances;All entrances;/summer09/at-party/maps/party-place;2
3;1.2;Areena fire inspection;1 hr;Thu 6.8.10 9:00;Thu 6.8.10 10:00;No;No;No;No;No;;;;;;;;2
4;1.3;Areena inspection round;24 mins;Thu 6.8.10 10:30;Thu 6.8.10 10:54;No;No;No;No;No;Security;;Areena inspection round;Areena inspection round;All Areena facilities;All Areena facilities;/summer09/at-party/maps/party-place;2
5;1.4;Extra security to doors;0 mins;Thu 6.8.10 11:30;Thu 6.8.10 11:30;No;No;No;No;No;Security;;Extra security to doors;Extra security to doors;All doors;All doors;/summer09/at-party/maps/party-place;2
6;1.5;Security clearance to open doors;10 mins;Thu 6.8.10 11:30;Thu 6.8.10 11:40;No;No;No;No;No;Security;;Security clearance to open doors;Security clearance to open doors;All doors;All doors;/summer09/at-party/maps/party-place;2
7;1.6;Ticket sales preparation;90 mins;Thu 6.8.10 9:30;Thu 6.8.10 11:00;No;No;No;No;Yes;;;;;;;;2
8;1.6.1;Tickets and initial cash balance;30 mins;Thu 6.8.10 10:30;Thu 6.8.10 11:00;No;No;No;No;No;Internal;;Tickets and initial cash balance;Tickets and initial cash balance;Party room, ticket sales booth;Party room, ticket sales booth;/summer09/at-party/maps/party-place#first;3
9;1.6.2;Training sales personnel on systems;45 mins;Thu 6.8.10 9:30;Thu 6.8.10 10:15;No;No;No;No;No;Internal;;Training sales personnel on systems;Training sales personnel on systems;Ticket sales booth;Ticket sales booth;/summer09/at-party/maps/party-place#first;3
10;;;;;;;;;;;;;;;;;;
11;2;Party starts;660 mins;Thu 6.8.10 12:00;Thu 6.8.10 23:00;No;No;No;No;Yes;;;;;;;;1
12;2.1;ASSEMBLY Summer 2009 starts;0 mins;Thu 6.8.10 12:00;Thu 6.8.10 12:00;Yes;Yes;Yes;Yes;No;Event;;ASSEMBLY Summer 2009 starts!;ASSEMBLY Summer 2009 alkaa!;All Areas;Kaikki alueet;/summer09/at-party/maps/party-place;2
13;2.2;Main entrance opened;0 mins;Thu 6.8.10 12:00;Thu 6.8.10 12:00;No;No;Yes;Yes;No;Event;/summer09/come-to-party/entry-setup;Main entrance opened;Pääovi avataan;Main entrance;Pääovi;/summer09/at-party/maps/party-place;2
14;2.3;Ticket sales at booths - Thu;9 hrs;Thu 6.8.10 12:00;Thu 6.8.10 21:00;No;No;Yes;No;No;Internal;;Ticket sales at booths - Thu;Ticket sales at booths - Thu;Ticket sales booth;Ticket sales booth;/summer09/at-party/maps/party-place#first;2
15;2.4;Ticket sales at booths - Fri;11 hrs;Thu 6.8.10 12:00;Thu 6.8.10 23:00;No;No;No;No;No;Internal;;Ticket sales at booths - Fri;Ticket sales at booths - Fri;Ticket sales booth;Ticket sales booth;/summer09/at-party/maps/party-place#first;2
16;2.5;Ticket sales at booths - Sat;7 hrs;Thu 6.8.10 12:00;Thu 6.8.10 19:00;No;No;No;No;No;Internal;;Ticket sales at booths - Sat;Ticket sales at booths - Sat;Ticket sales booth;Ticket sales booth;/summer09/at-party/maps/party-place#first;2
17;2.6;Loading entrances open;360 mins;Thu 6.8.10 12:00;Thu 6.8.10 18:00;No;No;No;No;Yes;;;;;;;;2
18;2.6.1;Loading doors #1, #2 and #3 are opened;0 hrs;Thu 6.8.10 12:00;Thu 6.8.10 12:00;Yes;Yes;Yes;Yes;No;Event;/summer09/come-to-party/entry-setup;Loading doors are opened;Lastausovet avataan;Loading entrances #1, #2 and #3;Lastaussisäänkäynnit #1, #2 ja #3;/summer09/at-party/maps/party-place;3
19;2.6.2;Security at the door;6 hrs;Thu 6.8.10 12:00;Thu 6.8.10 18:00;No;No;No;No;No;Security;;Security at the door;Security at the door;Loading entrances;Loading entrances;/summer09/at-party/maps/party-place;3
20;2.6.3;Extra security at the door;3 hrs;Thu 6.8.10 12:00;Thu 6.8.10 15:00;No;No;No;No;No;Security;;Extra security at the door;Extra security at the door;Loading entrances;Loading entrances;/summer09/at-party/maps/party-place;3
21;2.7;Guiding visitors;180 mins;Thu 6.8.10 12:00;Thu 6.8.10 15:00;No;No;No;No;No;Internal;;Guiding visitors;Guiding visitors;Main party arena, at the loading entrances;Main party arena, at the loading entrances;/summer09/at-party/maps/party-place;2
22;2.8;Guidance info on big screen;6 hrs;Thu 6.8.10 12:00;Thu 6.8.10 18:00;No;Yes;No;No;No;Internal;;Guidance info on big screen;Guidance info on big screen;Main party arena;Main party arena;/summer09/at-party/maps/party-place;2
23;2.9;Instructions through speakers;3 hrs;Thu 6.8.10 12:00;Thu 6.8.10 15:00;No;No;No;No;No;Internal;;Instructions through speakers;Instructions through speakers;Main party arena;Main party arena;/summer09/at-party/maps/party-place;2
24;2.10;AssemblyTV broadcast starts;0 mins;Thu 6.8.10 12:00;Thu 6.8.10 12:00;Yes;Yes;Yes;Yes;No;Event;http://www.assemblytv.net;AssemblyTV broadcast starts;AssemblyTV-lähetys alkaa;AssemblyTV;AssemblyTV;http://www.assemblytv.net;2
25;2.11;Loading doors close;0 mins;Thu 6.8.10 18:00;Thu 6.8.10 18:00;No;No;Yes;Yes;No;Event;/summer09/come-to-party/entry-setup;Loading doors close;Lastausovet suljetaan;Loading entrances #1, #2 and #3;Lastaussisäänkäynnit #1, #2 ja #3;/summer09/at-party/maps/party-place;2
26;2.12;Infodesk opens;0 mins;Thu 6.8.10 12:00;Thu 6.8.10 12:00;No;No;No;No;No;Internal;;Infodesk opens;Infodesk opens;Infodesk;Infodesk;/summer09/at-party/maps/party-place#first;2
27;2.13;NetInfo opens;0 mins;Thu 6.8.10 12:00;Thu 6.8.10 12:00;No;No;No;No;No;Internal;;NetInfo opens;NetInfo opens;NetInfo;NetInfo;/summer09/at-party/maps/party-place#first;2
28;;;;;;;;;;;;;;;;;;
29;3;Loading entrances open FRI;360 mins;Fri 7.8.10 12:00;Fri 7.8.10 18:00;No;No;No;No;Yes;;;;;;;;1
30;3.1;Loading doors open;0 mins;Fri 7.8.10 12:00;Fri 7.8.10 12:00;No;Yes;Yes;Yes;No;Event;/summer09/come-to-party/entry-setup;Loading doors are opened;Lastausovet avataan;Loading entrances #1 and #2;Lastaussisäänkäynnit #1 ja #2;/summer09/at-party/maps/party-place#first;2
31;3.2;Security at the door;6 hrs;Fri 7.8.10 12:00;Fri 7.8.10 18:00;No;No;No;No;No;Security;;Security at the door;Security at the door;Loading entrances #1 and #2;Lastaussisäänkäynnit #1 ja #2;/summer09/at-party/maps/party-place#first;2
32;3.3;Extra security at the door;3 hrs;Fri 7.8.10 12:00;Fri 7.8.10 15:00;No;No;No;No;No;Security;;Extra security at the door;Extra security at the door;Loading entrances #1 and #2;Lastaussisäänkäynnit #1 ja #2;/summer09/at-party/maps/party-place#first;2
33;3.4;Loading doors close;0 mins;Fri 7.8.10 18:00;Fri 7.8.10 18:00;No;Yes;Yes;Yes;No;Event;/summer09/come-to-party/entry-setup;Loading doors close;Lastausovet suljetaan;Loading entrances #1 and #2;Lastaussisäänkäynnit #1 ja #2;/summer09/at-party/maps/party-place#first;2
34;;;;;;;;;;;;;;;;;;
35;4;Compos;528420 mins;Thu 7.8.08 14:00;Sun 9.8.10 13:00;No;No;No;No;Yes;;;;;;;;1
36;4.1;Oldskool, invidual, 4k intro compo deadline;70 mins;Thu 6.8.10 21:00;Thu 6.8.10 22:10;No;No;No;No;Yes;;;;;;;;2
37;4.1.1;Assistance for participants;70 mins;Thu 6.8.10 21:00;Thu 6.8.10 22:10;No;No;No;No;No;Compo;;Assistance for participants;Assistance for participants;Infodesk;Infodesk;/summer09/at-party/maps/party-place#first;3
38;4.1.2;Oldskool, individual and 4k intro compo deadline;0 mins;Thu 6.8.10 22:00;Thu 6.8.10 22:00;No;Yes;Yes;Yes;No;Compo_deadline;/summer09/compos/how-to/submit-entry;Oldskool, Extreme, individual and 4k intro compo deadline;Oldskool-, Extreme-, yksilölaji- ja 4k intro-kompojen takaraja;PMS;PMS;http://pms.assembly.org;3
39;4.2;Group compo deadline;70 mins;Fri 7.8.10 19:00;Fri 7.8.10 20:10;No;No;No;No;Yes;;;;;;;;2
40;4.2.1;Assistance for participants;70 mins;Fri 7.8.10 19:00;Fri 7.8.10 20:10;No;No;No;No;No;Compo;;Assistance for participants;Assistance for participants;Infodesk;Infodesk;/summer09/at-party/maps/party-place#first;3
41;4.2.2;Group compo deadline;0 mins;Fri 7.8.10 20:00;Fri 7.8.10 20:00;No;Yes;Yes;Yes;No;Compo_deadline;/summer09/compos/how-to/submit-entry;Group compo deadline;Ryhmäkompojen takaraja;PMS;PMS;http://pms.assembly.org;3
42;4.3;Sign-up for sports, GH, machine dance, console compos;23 hrs;Thu 6.8.10 12:00;Fri 7.8.10 11:00;No;No;Yes;Yes;No;Compo;/summer09/compos/gaming-sports;Sign-up for sports, Guitar Hero, Machine Dance and Console game compos;Ilmottautuminen urheilu-, Guitar Hero-, Machine Dance- ja konsolipelikilpailuihin;PMS;PMS;http://pms.assembly.org;2
43;4.4;Sports compos;660 mins;Fri 7.8.10 8:00;Fri 7.8.10 19:00;No;No;No;No;Yes;;;;;;;;2
44;4.4.1;Retrieving and setting up basketball equipment;3 hrs;Fri 7.8.10 8:00;Fri 7.8.10 11:00;No;No;No;No;No;Compo;;Retrieving and setting up equipment;Retrieving and setting up equipment;;;;3
45;4.4.2;Street basketball;2 hrs;Fri 7.8.10 12:00;Fri 7.8.10 14:00;No;No;Yes;Yes;No;Compo_show;/summer09/compos/gaming-sports/team/#streetbasketball;Microsoft street basketball;Microsoft Katukoris;Outside main entrance;Pääsisäänkäynnin ulkopuolella;/summer09/at-party/maps/party-place#first;3
46;4.4.3;Returning basketball equipment;1,5 hrs;Fri 7.8.10 14:30;Fri 7.8.10 16:00;No;No;No;No;No;Compo;;Returning equipment;Returning equipment;;;;3
47;4.4.4;Gather up at Infodesk;15 mins;Fri 7.8.10 15:45;Fri 7.8.10 16:00;No;No;No;Yes;No;Compo;/summer09/compos/gaming-sports;Sport compos - gather up at the infodesk;Urheilukompot - tule Infodeskille;Infodesk;Infodesk;/summer09/at-party/maps/party-place#first;3
48;4.4.5;Disk  throwing;1 hr;Fri 7.8.10 16:00;Fri 7.8.10 17:00;No;No;Yes;Yes;No;Compo_show;/summer09/compos/gaming-sports/individual/#disk;Disk throwing;Diskin heitto;Grass fields by Messukeskus;Messukeskuksen viereiset nurmikentät;http://tinyurl.com/5zh2t3;3
49;4.4.6;CD throwing;1 hr;Fri 7.8.10 16:00;Fri 7.8.10 17:00;No;No;Yes;Yes;No;Compo_show;/summer09/compos/gaming-sports/individual/#cd;CD throwing;CD:n heitto;Grass fields by Messukeskus;Messukeskuksen viereiset nurmikentät;http://tinyurl.com/5zh2t3;3
50;4.4.7;Soccer;2 hrs;Fri 7.8.10 17:00;Fri 7.8.10 19:00;No;No;Yes;Yes;No;Compo_show;/summer09/compos/gaming-sports/team/#soccer;ASUS Soccer;ASUS Jalkapallo;Grass fields by Messukeskus;Messukeskuksen viereiset nurmikentät;http://tinyurl.com/5zh2t3;3
51;4.5;Social;2820 mins;Fri 7.8.10 14:00;Sun 9.8.10 13:00;No;No;No;No;Yes;;;;;;;;2
52;4.5.1;GH Guitar Qualifying 1;4 hrs;Fri 7.8.10 14:00;Fri 7.8.10 18:00;No;No;No;Yes;No;Compo;/summer09/compos/sponsored-unofficial/gaming/#guitar_hero;Guitar Hero: Guitar tournament - qualifying round #1;Guitar Hero: kitaraturnaus - karsinnat #1;Lapin kulta terrace;Lapin kullan terassi;/summer09/at-party/maps/party-place#first;3
53;4.5.2;GH Guitar Qualifying 2;4 hrs;Fri 7.8.10 22:00;Sat 8.8.10 2:00;No;No;No;Yes;No;Compo;/summer09/compos/sponsored-unofficial/gaming/#guitar_hero;Guitar Hero: Guitar tournament - qualifying round #2;Guitar Hero: kitaraturnaus - karsinnat #2;Lapin kulta terrace;Lapin kullan terassi;/summer09/at-party/maps/party-place#first;3
54;4.5.3;GH Guitar semi-final;3 hrs;Sat 8.8.10 18:00;Sat 8.8.10 21:00;No;No;No;Yes;No;Compo;/summer09/compos/sponsored-unofficial/gaming/#guitar_hero;Guitar Hero: Guitar tournament - semifinal;Guitar Hero: kitaraturnaus - semifinaali;Lapin kulta terrace;Lapin kullan terassi;/summer09/at-party/maps/party-place#first;3
55;4.5.4;GH Guitar final;1 hr;Sun 9.8.10 11:00;Sun 9.8.10 12:00;Yes;Yes;Yes;Yes;No;Compo_show;/summer09/compos/sponsored-unofficial/gaming/#guitar_hero;Guitar Hero: Guitar Tournament final;Guitar Hero: kitaraturnauksen finaali;Stage;Lava;/summer09/at-party/maps/party-place#ground;3
56;4.5.5;GH Band Qualifying;2 hrs;Sat 8.8.10 22:00;Sun 9.8.10 0:00;No;No;No;Yes;No;Compo;/summer09/compos/sponsored-unofficial/gaming/#guitar_hero;Guitar Hero: Band tournament - qualifying round #1;Guitar Hero: bänditurnaus - karsinnat #1;Lapin kulta terrace;Lapin kullan terassi;/summer09/at-party/maps/party-place#first;3
57;4.5.6;GH Band Final;1 hr;Sun 9.8.10 10:00;Sun 9.8.10 11:00;Yes;Yes;Yes;Yes;No;Compo_show;/summer09/compos/sponsored-unofficial/gaming/#guitar_hero;Guitar Hero: Band Tournament final;Guitar Hero: bänditurnauksen finaali;Stage;Lava;/summer09/at-party/maps/party-place#ground;3
58;4.5.7;ITG Dance Tournament;3 hrs;Fri 7.8.10 20:00;Fri 7.8.10 23:00;No;No;No;Yes;No;Compo;/summer09/compos/gaming-sports/individual/#dance;ASUS Dance tournament;ASUS Tanssipeliturnaus;Lapin kulta terrace;Lapin kullan terassi;/summer09/at-party/maps/party-place#first;3
59;4.5.8;ITG Dance Finals;1 hr;Sun 9.8.10 12:00;Sun 9.8.10 13:00;Yes;Yes;Yes;Yes;No;Compo_show;/summer09/compos/gaming-sports/individual/#dance;ASUS Dance tournament finals;ASUS Tanssipelifinaalit;Stage;Lava;/summer09/at-party/maps/party-place#ground;3
60;4.5.9;Poker tournament;3 hrs;Fri 7.8.10 22:00;Sat 8.8.10 1:00;No;No;Yes;Yes;No;Compo;/summer09/compos/sponsored-unofficial/poker;Poker tournament, qualification;Pokeriturnaus, karsinta;3rd Floor;3. kerros;/summer09/at-party/maps/party-place#third;3
61;4.5.10;Poker final;2 hrs;Sat 8.8.10 12:00;Sat 8.8.10 14:00;No;No;Yes;Yes;No;Compo;/summer09/compos/sponsored-unofficial/poker;Poker tournament finals;Pokeriturnaus: finaali;3rd Floor;3. kerros;/summer09/at-party/maps/party-place#third;3
62;4.5.11;Bluetooth treasure hunt - setup;2 hrs;Sat 8.8.10 10:00;Sat 8.8.10 12:00;No;No;No;No;No;Compo;/summer09/compos/gaming-sports/;Bluetooth treasure hunt setup;Bluetooth-aarteenmetsästyksen järjestelyt;Hartwall Areena;Hartwall Areena;/summer09/at-party/maps/party-place;3
63;4.5.12;Bluetooth treasure hunt;3 hrs;Sat 8.8.10 12:00;Sat 8.8.10 15:00;No;No;Yes;Yes;No;Compo;/summer09/compos/gaming-sports/;Bluetooth treasure hunt;Bluetooth-aarteenmetsästys;Hartwall Areena;Hartwall Areena;/summer09/at-party/maps/party-place;3
64;4.6;GameDev compo;525 mins;Thu 6.8.10 15:30;Fri 7.8.10 0:15;No;No;No;No;Yes;;;;;;;;2
65;4.6.1;Recording;3 hrs;Thu 6.8.10 15:30;Thu 6.8.10 18:30;No;No;No;Yes;No;Compo;/summer09/compos/realtime/gamedev;GameDev compo recording - come to Infodesk;GameDev-kompon äänitys - tule Infodeskille;Infodesk;Infodesk;/summer09/at-party/maps/party-place#first;3
66;4.6.2;Vodding;3 hrs;Thu 6.8.10 19:00;Thu 6.8.10 22:00;No;No;No;No;No;Compo;/summer09/compos/realtime/gamedev;GameDev compo VODding;GameDev compo VODding;Infodesk;Infodesk;/summer09/at-party/maps/party-place#first;3
67;4.6.3;Showing;75 mins;Thu 6.8.10 23:00;Fri 7.8.10 0:15;No;Yes;Yes;Yes;No;Compo_showing;/summer09/compos/realtime/gamedev;GameDev compo;GameDev-kompo;Big screen;Big screen;/summer09/at-party/maps/party-place#first;3
68;4.7;Fast music compo;1425 mins;Thu 6.8.10 19:30;Fri 7.8.10 19:15;No;No;No;No;Yes;;;;;;;;2
69;4.7.1;Chords/Sampleset released;0 mins;Thu 6.8.10 19:30;Thu 6.8.10 19:30;No;Yes;No;Yes;No;Compo;/summer09/compos/sound-vision/fast#music;Fast music - sample set released;Fast musiikki - samplepaketti julkaistaan;Website;Website;http://www.assembly.org;3
70;4.7.2;Deadline;0 mins;Thu 6.8.10 21:00;Thu 6.8.10 21:00;No;Yes;No;Yes;No;Compo_deadline;/summer09/compos/sound-vision/fast#music;Fast music - deadline;Fast music - takaraja;PMS;PMS;http://pms.assembly.org;3
71;4.7.3;Jury;2 hrs;Thu 6.8.10 22:30;Fri 7.8.10 0:30;No;No;No;Yes;No;Compo_jury;/summer09/compos/sound-vision/fast#music;Fast music - jury - come to Infodesk;Fast musiikki - jury - tule Infodeskille;Infodesk;Infodesk;/summer09/at-party/maps/party-place#first;3
72;4.7.4;Feedback;15 mins;Fri 7.8.10 1:15;Fri 7.8.10 1:30;No;No;No;Yes;No;Compo_feedback;/summer09/compos/sound-vision/fast#music;Fast music - feedback at Infodesk;Fast musiikki - palautetilaisuus Infodeskillä;Infodesk;Infodesk;/summer09/at-party/maps/party-place#first;3
73;4.7.5;Showing;45 mins;Fri 7.8.10 18:30;Fri 7.8.10 19:15;No;No;Yes;Yes;No;Compo_show;/summer09/compos/sound-vision/fast#music;Fast music compo;Fast musiikki-kompo;Big screen;Big screen;/summer09/at-party/maps/party-place#first;3
74;4.8;Fast graphics compo;1350 mins;Thu 6.8.10 21:15;Fri 7.8.10 19:45;No;No;No;No;Yes;;;;;;;;2
75;4.8.1;Objective description released;0 mins;Thu 6.8.10 21:15;Thu 6.8.10 21:15;No;Yes;No;Yes;No;Compo;/summer09/compos/sound-vision/fast#graphics;Fast graphics - objectives released;Fast grafiikka - tehtävänkuvaus julkaistaan;Website;Website;http://www.assembly.org;3
76;4.8.2;Deadline;0 mins;Thu 6.8.10 22:45;Thu 6.8.10 22:45;No;No;No;Yes;No;Compo_deadline;/summer09/compos/sound-vision/fast#graphics;Fast graphics - deadline;Fast graphics - takaraja;PMS;PMS;http://pms.assembly.org;3
77;4.8.3;Jury;1 hr;Thu 6.8.10 23:15;Fri 7.8.10 0:15;No;No;No;Yes;No;Compo_jury;/summer09/compos/sound-vision/fast#graphics;Fast graphics - jury - come to Infodesk;Fast grafiikka - jury - come to Infodesk;Infodesk;Infodesk;/summer09/at-party/maps/party-place#first;3
78;4.8.4;Feedback;30 mins;Fri 7.8.10 0:45;Fri 7.8.10 1:15;No;No;No;Yes;No;Compo_feedback;/summer09/compos/sound-vision/fast#graphics;Fast graphics - feedback at Infodesk;Fast grafiikka - palautetilaisuus Infodeskillä;Infodesk;Infodesk;/summer09/at-party/maps/party-place#first;3
79;4.8.5;Showing;15 mins;Fri 7.8.10 19:30;Fri 7.8.10 19:45;No;No;Yes;Yes;No;Compo_show;/summer09/compos/sound-vision/fast#graphics;Fast graphics compo;Fast grafiikka-kompo;Big screen;Big screen;/summer09/at-party/maps/party-place#first;3
80;4.9;4k intro;526215 mins;Thu 7.8.08 14:00;Sat 8.8.10 0:15;No;No;No;No;Yes;;;;;;;;2
81;4.9.1;Jury;2 hrs;Thu 7.8.08 14:00;Thu 7.8.08 16:00;No;No;No;Yes;No;Compo_jury;/summer09/compos/realtime/demo#64k;4k intro - jury - come to Infodesk;4k intro - jury - tule Infodeskille;Infodesk;Infodesk;/summer09/at-party/maps/party-place#first;3
82;4.9.2;Feedback;15 mins;Thu 7.8.08 17:00;Thu 7.8.08 17:15;No;No;No;Yes;No;Compo_feedback;/summer09/compos/realtime/demo#64k;4k intro - feedback at Infodesk;4k intro - palautetilaisuus Infodeskillä;Infodesk;Infodesk;/summer09/at-party/maps/party-place#first;3
83;4.9.3;Showing;45 mins;Fri 7.8.10 23:30;Sat 8.8.10 0:15;Yes;Yes;Yes;Yes;No;Compo_show;/summer09/compos/realtime/demo#64k;4k intro compo;4k intro-kompo;Big screen;Big screen;/summer09/at-party/maps/party-place#first;3
84;4.10;Oldskool & extreme compos;1650 mins;Thu 6.8.10 22:00;Sat 8.8.10 1:30;No;No;No;No;Yes;;;;;;;;2
85;4.10.1;Gather compo participants & jury;15 mins;Thu 6.8.10 22:00;Thu 6.8.10 22:15;No;No;No;No;No;Compo;/summer09/compos/realtime/oldskool;Gather compo participants & jury;Gather compo participants & jury;Infodesk;Infodesk;/summer09/at-party/maps/party-place#first;3
86;4.10.2;Oldskool & extreme jury;4 hrs;Thu 6.8.10 22:15;Fri 7.8.10 2:15;No;No;No;Yes;No;Compo_jury;/summer09/compos/realtime/oldskool;Extreme music, graphics and Oldskool demo - jury - come to Infodesk;Extreme musiikki, grafiikka ja Oldskool-demo - jury - tule Infodeskille;Infodesk;Infodesk;/summer09/at-party/maps/party-place#first;3
87;4.10.3;Oldskool  & Extreme feedback;15 mins;Fri 7.8.10 10:45;Fri 7.8.10 11:00;No;No;No;Yes;No;Compo_feedback;/summer09/compos/realtime/oldskool;Extreme music, graphics and Oldskool demo - feedback at Infodesk;Extreme musiikki, grafiikka ja Oldskool-demo - palautetilaisuus Infodeskillä;Infodesk;Infodesk;/summer09/at-party/maps/party-place#first;3
88;4.10.4;Oldskool & extreme recording;4 hrs;Fri 7.8.10 11:00;Fri 7.8.10 15:00;No;No;No;Yes;No;Compo;/summer09/compos/realtime/oldskool;Extreme music, graphics and Oldskool demo - compo entry recording, come to Infodesk;Extreme musiikki, grafiikka ja Oldskool-demo - kompoteosten nauhoitus, tule Infodeskille;Infodesk;Infodesk;/summer09/at-party/maps/party-place#first;3
89;4.10.5;Oldskool & extreme VODding;2,5 hrs;Fri 7.8.10 15:00;Fri 7.8.10 17:30;No;No;No;No;No;Compo;;;;;;;3
90;4.10.6;Extreme music - showing;45 mins;Fri 7.8.10 22:00;Fri 7.8.10 22:45;No;No;Yes;Yes;No;Compo_show;/summer09/compos/realtime/extreme#music;Extreme music compo;Extreme musiikki-kompo;Big screen;Big screen;/summer09/at-party/maps/party-place#first;3
91;4.10.7;Extreme graphics - showing;15 mins;Fri 7.8.10 23:00;Fri 7.8.10 23:15;No;No;Yes;Yes;No;Compo_show;/summer09/compos/realtime/extreme#graphics;Extreme graphics compo;Extreme grafiikka-kompo;Big screen;Big screen;/summer09/at-party/maps/party-place#first;3
92;4.10.8;Oldskool demo - showing;60 mins;Sat 8.8.10 0:30;Sat 8.8.10 1:30;No;No;Yes;Yes;No;Compo_show;/summer09/compos/realtime/oldskool;Oldskool demo compo;Oldskool demo-kompo;Big screen;Big screen;/summer09/at-party/maps/party-place#first;3
93;4.11;Music;1575 mins;Fri 7.8.10 13:00;Sat 8.8.10 15:15;No;No;No;No;Yes;;;;;;;;2
94;4.11.1;Jury;5 hrs;Fri 7.8.10 13:00;Fri 7.8.10 18:00;No;No;No;Yes;No;Compo_jury;/summer09/compos/sound-vision/music#freestyle;Music compo - jury - come to Infodesk;Musiikki-kompo - jury - tule Infodeskille;Infodesk;Infodesk;/summer09/at-party/maps/party-place#first;3
95;4.11.2;Feedback;15 mins;Fri 7.8.10 18:30;Fri 7.8.10 18:45;No;No;No;Yes;No;Compo_feedback;/summer09/compos/sound-vision/music#freestyle;Music compo - feedback at Infodesk;Musiikki-kompo - palautetilaisuus Infodeskillä;Infodesk;Infodesk;/summer09/at-party/maps/party-place#first;3
96;4.11.3;Showing;45 mins;Sat 8.8.10 14:30;Sat 8.8.10 15:15;Yes;Yes;Yes;Yes;No;Compo_show;/summer09/compos/sound-vision/music#freestyle;Music compo;Musiikki-kompo;Big screen;Big screen;/summer09/at-party/maps/party-place#first;3
97;4.12;Graphics;1545 mins;Fri 7.8.10 14:00;Sat 8.8.10 15:45;No;No;No;No;Yes;;;;;;;;2
98;4.12.1;Jury;2,5 hrs;Fri 7.8.10 14:00;Fri 7.8.10 16:30;No;No;No;Yes;No;Compo_jury;/summer09/compos/sound-vision/graphics#freestyle;Graphics compo - jury - come to Infodesk;Grafiikka-kompo - jury - tule Infodeskille;Infodesk;Infodesk;/summer09/at-party/maps/party-place#first;3
99;4.12.2;Feedback;15 mins;Fri 7.8.10 17:15;Fri 7.8.10 17:30;No;No;No;Yes;No;Compo_feedback;/summer09/compos/sound-vision/graphics#freestyle;Graphics compo - feedback at Infodesk;Grafiikka-kompo - palautetilaisuus Infodeskillä;Infodesk;Infodesk;/summer09/at-party/maps/party-place#first;3
100;4.12.3;Showing;15 mins;Sat 8.8.10 15:30;Sat 8.8.10 15:45;Yes;Yes;Yes;Yes;No;Compo_show;/summer09/compos/sound-vision/graphics#freestyle;Graphics compo;Grafiikka-kompo-kompo;Big screen;Big screen;/summer09/at-party/maps/party-place#first;3
101;4.13;Real wild demo;1935 mins;Fri 7.8.10 9:00;Sat 8.8.10 17:15;No;No;No;No;Yes;;;;;;;;2
102;4.13.1;Recording & shooting help;2 hrs;Fri 7.8.10 9:00;Fri 7.8.10 11:00;No;No;No;Yes;No;Compo;/summer09/compos/realtime/demo#mobile;Real wild demo - recording assistance - come to Infodesk;Real wild demo - tallennusapu - tule Infodeskille;Infodesk;Infodesk;/summer09/at-party/maps/party-place#first;3
103;4.13.2;Jury;2 hrs;Fri 7.8.10 20:30;Fri 7.8.10 22:30;No;No;No;Yes;No;Compo_jury;/summer09/compos/realtime/demo#mobile;Real wild demo - jury - come to Infodesk;Real wild - jury - tule Infodeskille;Infodesk;Infodesk;/summer09/at-party/maps/party-place#first;3
104;4.13.3;Feedback;15 mins;Fri 7.8.10 23:00;Fri 7.8.10 23:15;No;No;No;Yes;No;Compo_feedback;/summer09/compos/realtime/demo#mobile;Real wild demo - feedback at Infodesk;Real wild - palautetilaisuus Infodeskillä;Infodesk;Infodesk;/summer09/at-party/maps/party-place#first;3
105;4.13.4;Showing;45 mins;Sat 8.8.10 16:30;Sat 8.8.10 17:15;Yes;Yes;Yes;Yes;No;Compo_show;/summer09/compos/realtime/demo#mobile;Real wild demo compo;Real wild-kompo;Big screen;Big screen;/summer09/at-party/maps/party-place#first;3
106;4.14;Short film;2775 mins;Thu 6.8.10 22:00;Sat 8.8.10 20:15;No;No;No;No;Yes;;;;;;;;2
107;4.14.1;Conversion help (short film & real wild);3,5 hrs;Thu 6.8.10 22:00;Fri 7.8.10 1:30;No;No;No;Yes;No;Compo_jury;/summer09/compos/sound-vision/short-film;Short film & Real Wild demo - format conversions help - come to Infodesk;Lyhyt elokuva & Real Wild demo - formaattimuunnosapua - tule Infodeskille;Infodesk;Infodesk;/summer09/at-party/maps/party-place#first;3
108;4.14.2;Jury;2,5 hrs;Sat 8.8.10 10:00;Sat 8.8.10 12:30;No;No;No;Yes;No;Compo_jury;/summer09/compos/sound-vision/short-film;Short film - jury - come to Infodesk;Lyhyt elokuva - jury - tule Infodeskille;Infodesk;Infodesk;/summer09/at-party/maps/party-place#first;3
109;4.14.3;Feedback;15 mins;Sat 8.8.10 13:00;Sat 8.8.10 13:15;No;No;No;Yes;No;Compo_feedback;/summer09/compos/sound-vision/short-film;Short film - feedback at Infodesk;Lyhyt elokuva - palautetilaisuus Infodeskillä;Infodesk;Infodesk;/summer09/at-party/maps/party-place#first;3
110;4.14.4;Showing;1 hr;Sat 8.8.10 19:15;Sat 8.8.10 20:15;Yes;Yes;Yes;Yes;No;Compo_show;/summer09/compos/sound-vision/short-film;Short film compo;Lyhyt elokuva-kompo;Big screen;Big screen;/summer09/at-party/maps/party-place#first;3
111;4.15;64k intro;1335 mins;Fri 7.8.10 23:00;Sat 8.8.10 21:15;No;No;No;No;Yes;;;;;;;;2
112;4.15.1;Jury;2 hrs;Fri 7.8.10 23:00;Sat 8.8.10 1:00;No;No;No;Yes;No;Compo_jury;/summer09/compos/realtime/demo#64k;64k intro - jury - come to Infodesk;64k intro - jury - tule Infodeskille;Infodesk;Infodesk;/summer09/at-party/maps/party-place#first;3
113;4.15.2;Feedback;15 mins;Sat 8.8.10 1:30;Sat 8.8.10 1:45;No;No;No;Yes;No;Compo_feedback;/summer09/compos/realtime/demo#64k;64k intro - feedback at Infodesk;64k intro - palautetilaisuus Infodeskillä;Infodesk;Infodesk;/summer09/at-party/maps/party-place#first;3
114;4.15.3;Showing;45 mins;Sat 8.8.10 20:30;Sat 8.8.10 21:15;Yes;Yes;Yes;Yes;No;Compo_show;/summer09/compos/realtime/demo#64k;64k intro compo;64k intro-kompo;Big screen;Big screen;/summer09/at-party/maps/party-place#first;3
115;4.16;Demo;630 mins;Sat 8.8.10 13:00;Sat 8.8.10 23:30;No;No;No;No;Yes;;;;;;;;2
116;4.16.1;Jury;3 hrs;Sat 8.8.10 13:00;Sat 8.8.10 16:00;No;No;No;Yes;No;Compo_jury;/summer09/compos/realtime/demo#demo;Demo - jury;Demo - jury;Infodesk;Infodesk;/summer09/at-party/maps/party-place#first;3
117;4.16.2;Feedback;15 mins;Sat 8.8.10 16:45;Sat 8.8.10 17:00;No;No;No;Yes;No;Compo_feedback;/summer09/compos/realtime/demo#demo;Demo - feedback at Infodesk;Demo - palautetilaisuus Infodeskillä;Infodesk;Infodesk;/summer09/at-party/maps/party-place#first;3
118;4.16.3;Showing;2 hrs;Sat 8.8.10 21:30;Sat 8.8.10 23:30;Yes;Yes;Yes;Yes;No;Compo_show;/summer09/compos/realtime/demo#demo;Demo compo;Demo-kompo;Big screen;Big screen;/summer09/at-party/maps/party-place#first;3
119;;;;;;;;;;;;;;;;;;
120;5;Game competitions;2235 mins;Fri 7.8.10 13:00;Sun 9.8.10 2:15;No;No;No;No;Yes;;;;;;;;1
121;5.1;WC3: DotA;390 mins;Sat 8.8.10 15:30;Sat 8.8.10 22:00;No;No;No;No;Yes;;;;;;;;2
122;5.1.1;Semifinal 1;75 mins;Sat 8.8.10 15:30;Sat 8.8.10 16:45;No;No;No;Yes;No;Compo_game;http://www.peliliiga.fi;WC3: DotA - Semifinal 1;WC3: DotA - Semifinaali 1;Game hall;Pelihalli;/summer09/at-party/maps/party-place#first;3
123;5.1.2;Semifinal 2;75 mins;Sat 8.8.10 17:15;Sat 8.8.10 18:30;No;No;No;Yes;No;Compo_game;http://www.peliliiga.fi;WC3: DotA - Semifinal 2;WC3: DotA - Semifinaali 2;Game hall;Pelihalli;/summer09/at-party/maps/party-place#first;3
124;5.1.3;Bronze match;75 mins;Sat 8.8.10 19:00;Sat 8.8.10 20:15;No;No;No;Yes;No;Compo_game;http://www.peliliiga.fi;WC3: DotA - Bronze match;WC3: DotA - Pronssiottelu;Game hall;Pelihalli;/summer09/at-party/maps/party-place#first;3
125;5.1.4;Tournament final;75 mins;Sat 8.8.10 20:45;Sat 8.8.10 22:00;No;No;Yes;Yes;No;Compo_game;http://www.peliliiga.fi;WC3: DotA - Tournament final;WC3: DotA - Turnauksen finaali;Game hall;Pelihalli;/summer09/at-party/maps/party-place#first;3
126;5.2;CounterStrike: Source;390 mins;Sat 8.8.10 12:00;Sat 8.8.10 18:30;No;No;No;No;Yes;;;;;;;;2
127;5.2.1;Semifinal 1;90 mins;Sat 8.8.10 12:00;Sat 8.8.10 13:30;No;No;No;Yes;No;Compo_game;http://www.peliliiga.fi;Counter-Strike Source - Semifinal 1;Counter-Strike Source - Semifinaali 1;Game hall;Pelihalli;/summer09/at-party/maps/party-place#first;3
128;5.2.2;Semifinal 2;90 mins;Sat 8.8.10 12:00;Sat 8.8.10 13:30;No;No;No;Yes;No;Compo_game;http://www.peliliiga.fi;Counter-Strike Source - Semifinal 2;Counter-Strike Source - Semifinaali 2;Game hall;Pelihalli;/summer09/at-party/maps/party-place#first;3
129;5.2.3;Bronze match;90 mins;Sat 8.8.10 17:00;Sat 8.8.10 18:30;No;No;No;Yes;No;Compo_game;http://www.peliliiga.fi;Counter-Strike Source - Bronze match;Counter-Strike Source - Pronssiottelu;Game hall;Pelihalli;/summer09/at-party/maps/party-place#first;3
130;5.2.4;Tournament final;90 mins;Sat 8.8.10 17:00;Sat 8.8.10 18:30;No;No;Yes;Yes;No;Compo_game;http://www.peliliiga.fi;Counter-Strike Source - Tournament final;Counter-Strike Source - Turnauksen finaali;Game hall;Pelihalli;/summer09/at-party/maps/party-place#first;3
131;5.3;Counter-Strike 1.6;705 mins;Sat 8.8.10 14:30;Sun 9.8.10 2:15;No;No;No;No;Yes;;;;;;;;2
132;5.3.1;Semifinal 1;90 mins;Sat 8.8.10 14:30;Sat 8.8.10 16:00;No;No;No;Yes;No;Compo_game;http://www.peliliiga.fi;Counter-Strike 1.6 - Semifinal 1;Counter-Strike 1.6 - Semifinaali 1;Game hall;Pelihalli;/summer09/at-party/maps/party-place#first;3
133;5.3.2;Semifinal 2;90 mins;Sat 8.8.10 14:30;Sat 8.8.10 16:00;No;No;No;Yes;No;Compo_game;http://www.peliliiga.fi;Counter-Strike 1.6 - Semifinal 2;Counter-Strike 1.6 - Semifinaali 2;Game hall;Pelihalli;/summer09/at-party/maps/party-place#first;3
134;5.3.3;Bronze match;90 mins;Sat 8.8.10 19:30;Sat 8.8.10 21:00;No;No;No;Yes;No;Compo_game;http://www.peliliiga.fi;Counter-Strike 1.6 - Bronze match;Counter-Strike 1.6 - Pronssiottelu;Game hall;Pelihalli;/summer09/at-party/maps/party-place#first;3
135;5.3.4;Tournament final + prizes;2 hrs;Sun 9.8.10 0:15;Sun 9.8.10 2:15;Yes;Yes;Yes;Yes;No;Compo_game;http://www.peliliiga.fi;Counter-Strike 1.6 - Tournament final and prizes;Counter-Strike 1.6 - Turnauksen finaali ja palkinnot;Stage;Lava;/summer09/at-party/maps/party-place#ground;3
136;5.4;COD4;540 mins;Sat 8.8.10 12:00;Sat 8.8.10 21:00;No;No;No;No;No;;;;;;;;2
137;5.4.1;Semifinal 1;90 mins;Sat 8.8.10 12:00;Sat 8.8.10 13:30;No;No;No;Yes;No;Compo_game;http://www.peliliiga.fi;Call of Duty 4 - Semifinal 1;Call of Duty 4 - Semifinaali 1;Game hall;Pelihalli;/summer09/at-party/maps/party-place#first;3
138;5.4.2;Semifinal 2;90 mins;Sat 8.8.10 14:30;Sat 8.8.10 16:00;No;No;No;Yes;No;Compo_game;http://www.peliliiga.fi;Call of Duty 4 - Semifinal 2;Call of Duty 4 - Semifinaali 2;Game hall;Pelihalli;/summer09/at-party/maps/party-place#first;3
139;5.4.3;Bronze match;90 mins;Sat 8.8.10 17:00;Sat 8.8.10 18:30;No;No;No;Yes;No;Compo_game;http://www.peliliiga.fi;Call of Duty 4 - Bronze match;Call of Duty 4 - Pronssiottelu;Game hall;Pelihalli;/summer09/at-party/maps/party-place#first;3
140;5.4.4;Tournament final;90 mins;Sat 8.8.10 19:30;Sat 8.8.10 21:00;No;No;Yes;Yes;No;Compo_game;http://www.peliliiga.fi;Call of Duty 4 - Tournament final;Call of Duty 4 - Turnauksen finaali;Game hall;Pelihalli;/summer09/at-party/maps/party-place#first;3
141;5.5;Project Gotham Racing 4;480 mins;Fri 7.8.10 13:00;Fri 7.8.10 21:00;No;No;No;No;Yes;Compo_game;;;;;;;2
142;5.5.1;Qualifiers;2 hrs;Fri 7.8.10 13:00;Fri 7.8.10 15:00;No;No;No;Yes;No;Compo_game;http://www.peliliiga.fi;Project Gotham Racing 4 - qualifiers;Project Gotham Racing 4 - karsinta;Stage;Lava;/summer09/at-party/maps/party-place#ground;3
143;5.5.2;Tournament final;1 hr;Fri 7.8.10 20:00;Fri 7.8.10 21:00;Yes;Yes;Yes;Yes;No;Compo_game;http://www.peliliiga.fi;Project Gotham Racing 4 - Tournament final;Project Gotham Racing 4 - Turnauksen finaali;Stage;Lava;/summer09/at-party/maps/party-place#ground;3
144;5.6;Virtua Fighter 5;360 mins;Fri 7.8.10 16:00;Fri 7.8.10 22:00;No;No;No;No;Yes;Compo_game;;;;;;;2
145;5.6.1;Qualifiers;2 hrs;Fri 7.8.10 16:00;Fri 7.8.10 18:00;No;No;No;Yes;No;Compo_game;http://www.peliliiga.fi;Virtua Fighter 5 - qualifiers;Virtua Fighter 5 - karsinta;Stage;Lava;/summer09/at-party/maps/party-place#ground;3
146;5.6.2;Tournament final + prize giving PGR4 & VF5;1 hr;Fri 7.8.10 21:00;Fri 7.8.10 22:00;Yes;Yes;Yes;Yes;No;Compo_game;http://www.peliliiga.fi;Virtua Fighter 5 - Tournament final and prizes for VF5 & PGR4;Virtua Fighter 5 - Turnauksen finaali ja palkinnot VF5 & PGR4;Stage;Lava;/summer09/at-party/maps/party-place#ground;3
147;;;;;;;;;;;;;;;;;;
148;6;Ceremonies;4110 mins;Thu 6.8.10 18:30;Sun 9.8.10 15:00;No;No;No;No;Yes;;;;;;;;1
149;6.1;Opening ceremony;30 mins;Thu 6.8.10 18:30;Thu 6.8.10 19:00;Yes;Yes;Yes;Yes;No;Event;;Opening ceremony;Avajaisseremonia;Stage;Lava;/summer09/party_manual/maps#ground;2
150;6.2;Voting closes for individual, oldskool and 4k intro compos;0 mins;Sat 8.8.10 16:30;Sat 8.8.10 16:30;No;Yes;Yes;Yes;No;Event;/summer09/party_manual/intranet/vote;Voting closes for individual, oldskool and 4k intro compos;Äänestys päättyy yksilölaji-, oldskool- ja 4k intro-kompojen osalta;PMS;PMS;http://pms.assembly.org;2
151;6.3;Prize ceremony 1;1 hr;Sat 8.8.10 18:00;Sat 8.8.10 19:00;Yes;Yes;Yes;Yes;No;Compo;/summer09/compos/prizes/;Prize ceremony 1;Palkintoseremonia 1;Stage;Lava;/summer09/party_manual/maps#ground;2
152;6.4;Prize ceremony 2;0,5 hrs;Sat 8.8.10 23:45;Sun 9.8.10 0:15;Yes;Yes;Yes;Yes;No;Compo;/summer09/compos/prizes/;Prize ceremony 2 - Game compos;Palkintoseremonia 2 - pelikompot;Stage;Lava;/summer09/party_manual/maps#ground;2
153;6.5;Voting closes for group compos;0 mins;Sun 9.8.10 12:00;Sun 9.8.10 12:00;No;Yes;Yes;Yes;No;Event;/summer09/party_manual/intranet/vote;Voting closes;Äänestys päättyy;PMS;PMS;http://pms.assembly.org;2
154;6.6;Prize ceremony 3;30 mins;Sun 9.8.10 14:00;Sun 9.8.10 14:30;Yes;Yes;Yes;Yes;No;Compo;/summer09/compos/prizes/;Prize ceremony 3;Palkintoseremonia 3;Stage;Lava;/summer09/party_manual/maps#ground;2
155;6.7;Closing ceremony;30 mins;Sun 9.8.10 14:30;Sun 9.8.10 15:00;Yes;Yes;Yes;Yes;No;Event;;Closing ceremony;Lopettajaisseremonia;Stage;Lava;/summer09/party_manual/maps#ground;2
156;;;;;;;;;;;;;;;;;;
157;7;Program;3285 mins;Thu 6.8.10 23:15;Sun 9.8.10 6:00;No;No;No;No;Yes;;;;;;;;1
158;7.1;Robo war;510 mins;Sat 8.8.10 8:00;Sat 8.8.10 16:30;No;No;No;No;Yes;;;;;;;;2
159;7.1.1;Setup;2 hrs;Sat 8.8.10 8:00;Sat 8.8.10 10:00;No;No;No;No;No;Event;/summer09/program/robosota;Robowar tournament - setup;Robowar tournament - setup;Outside loading door #1;Lastausovi #1:n ulkopuolella;/summer09/at-party/maps/party-place#ground;3
160;7.1.2;Tournament qualifier ;2 hrs;Sat 8.8.10 10:00;Sat 8.8.10 12:00;No;No;Yes;Yes;No;Event;/summer09/program/robosota;Robowar tournament qualifier;Robosota turnauksen karsinta;Outside loading door #1;Lastausovi #1:n ulkopuolella;/summer09/at-party/maps/party-place#ground;3
161;7.1.3;Tournament;1 hr;Sat 8.8.10 13:30;Sat 8.8.10 14:30;No;No;Yes;Yes;No;Event;/summer09/program/robosota;Robowar tournament final;Robosota turnauksen finaali;Outside loading door #1;Lastausovi #1:n ulkopuolella;/summer09/at-party/maps/party-place#ground;3
162;7.1.4;Cleanup;2 hrs;Sat 8.8.10 14:30;Sat 8.8.10 16:30;No;No;No;No;No;Event;/summer09/program/robosota;Robowar tournament - clean-up;Robowar tournament - clean-up;Outside loading door #1;Lastausovi #1:n ulkopuolella;/summer09/at-party/maps/party-place#ground;3
163;7.2;Concerts;105 mins;Thu 6.8.10 23:15;Fri 7.8.10 1:00;No;No;No;No;Yes;;;;;;;;2
164;7.2.1;Goto80;45 mins;Thu 6.8.10 23:15;Fri 7.8.10 0:00;No;No;Yes;Yes;No;Event;/summer09/program/concerts;Concert - Goto80;Konsertti - Goto80;Seminar hall;Seminaarihalli;/summer09/at-party/maps/party-place#first;3
165;7.2.2;Axes Denied;45 mins;Fri 7.8.10 0:15;Fri 7.8.10 1:00;No;No;Yes;Yes;No;Event;/summer09/program/concerts;Concert - Axes Denied;Konsertti - Axes Denied;Seminar hall;Seminaarihalli;/summer09/at-party/maps/party-place#first;3
166;7.3;Raves;3090 mins;Fri 7.8.10 2:30;Sun 9.8.10 6:00;No;No;No;No;Yes;;;;;;;;2
167;7.3.1;Rave;315 mins;Fri 7.8.10 2:30;Fri 7.8.10 7:45;No;No;Yes;Yes;No;Event;/summer09/program/rave;Rave;Ravet;Seminar hall;Seminaarihalli;/summer09/at-party/maps/party-place#first;3
168;7.3.2;Rave;6,5 hrs;Fri 7.8.10 23:30;Sat 8.8.10 6:00;No;No;Yes;Yes;No;Event;/summer09/program/rave;Rave;Ravet;Seminar hall;Seminaarihalli;/summer09/at-party/maps/party-place#first;3
169;7.3.3;Rave;6,5 hrs;Sat 8.8.10 23:30;Sun 9.8.10 6:00;No;No;Yes;Yes;No;Event;/summer09/program/rave;Rave;Ravet;Seminar hall;Seminaarihalli;/summer09/at-party/maps/party-place#first;3
170;7.4;ASUS stage event;30 mins;Sat 8.8.10 17:30;Sat 8.8.10 18:00;No;No;No;No;Yes;;;;;;;;2
171;7.4.1;Asus stage event;0,5 hrs;Sat 8.8.10 17:30;Sat 8.8.10 18:00;No;Yes;Yes;Yes;No;Event;;ASUS stage event;ASUS stage event;Stage;Lava;/summer09/party_manual/maps#ground;3
172;;;;;;;;;;;;;;;;;;
173;8;Seminars;3210 mins;Thu 6.8.10 14:15;Sat 8.8.10 19:45;No;No;No;No;Yes;;;;;;;;1
174;8.1;Seminars Thursday;420 mins;Thu 6.8.10 14:15;Thu 6.8.10 21:15;No;No;Yes;No;Yes;;;Seminars Thursday;Seminars Thursday;;;;2
175;8.1.1;Initial setup, equipment testing;90 mins;Thu 6.8.10 14:15;Thu 6.8.10 15:45;No;No;No;No;No;Seminar;;ARTtech seminars - Initial setup, equipment testing;ARTtech-seminaari - Initial setup, equipment testing;Seminar hall;Seminaarihalli;/summer09/at-party/maps/party-place#first;3
176;8.1.2;ARTtech seminars - Getting More Out of Your Education via the Demoscene Spirit;45 mins;Thu 6.8.10 16:00;Thu 6.8.10 16:45;No;No;No;Yes;No;Seminar;/summer09/seminars/sessions#indie_startup;ARTtech seminars - Getting More Out of Your Education via the Demoscene Spirit;ARTtech seminars - Getting More Out of Your Education via the Demoscene Spirit;Seminar hall;Seminaarihalli;/summer09/at-party/maps/party-place#first;3
177;8.1.3;ARTtech seminars - Building a Smarter Planet with Serious Gaming and 3D Virtual Worlds;45 mins;Thu 6.8.10 17:00;Thu 6.8.10 17:45;No;No;No;Yes;No;Seminar;/summer09/seminars/sessions#smarter_planet;ARTtech seminars - Building a Smarter Planet with Serious Gaming and 3D Virtual Worlds;ARTtech seminars - Building a Smarter Planet with Serious Gaming and 3D Virtual Worlds;Seminar hall;Seminaarihalli;/summer09/at-party/maps/party-place#first;3
178;8.1.4;ARTtech seminars - Developing graphics technology for non-AAA games;45 mins;Thu 6.8.10 18:00;Thu 6.8.10 18:45;No;No;No;Yes;No;Seminar;/summer09/seminars/sessions#gfxtech;ARTtech seminars - Developing graphics technology for non-AAA games;ARTtech seminars - Developing graphics technology for non-AAA games;Seminar hall;Seminaarihalli;/summer09/at-party/maps/party-place#first;3
179;8.1.5;ARTtech seminars - Demo Programming for Beginners;45 mins;Thu 6.8.10 19:00;Thu 6.8.10 19:45;No;No;No;Yes;No;Seminar;/summer09/seminars/sessions#demo_programming;ARTtech seminars - Demo Programming for Beginners;ARTtech seminars - Demo Programming for Beginners;Seminar hall;Seminaarihalli;/summer09/at-party/maps/party-place#first;3
180;8.1.6;ARTtech seminars - Anthology of Flash Demo History;45 mins;Thu 6.8.10 20:00;Thu 6.8.10 20:45;No;No;No;Yes;No;Seminar;/summer09/seminars/sessions#flash_demos;ARTtech seminars - Anthology of Flash Demo History;ARTtech seminars - Anthology of Flash Demo History;Seminar hall;Seminaarihalli;/summer09/at-party/maps/party-place#first;3
181;8.1.7;Closing down;15 mins;Thu 6.8.10 21:00;Thu 6.8.10 21:15;No;No;No;No;No;Seminar;;ARTtech seminars - closing down;ARTtech seminars - closing down;Seminar hall;Seminaarihalli;/summer09/at-party/maps/party-place#first;3
182;8.2;Seminars Friday;825 mins;Fri 7.8.10 9:00;Fri 7.8.10 22:45;No;No;Yes;No;Yes;;;Seminars Friday;Seminars Friday;;;;2
183;8.2.1;Setup, equipment testing;45 mins;Fri 7.8.10 9:00;Fri 7.8.10 9:45;No;No;No;No;No;Seminar;;ARTtech seminars - Initial setup, equipment testing;ARTtech-seminaari - Initial setup, equipment testing;Seminar hall;Seminaarihalli;/summer09/at-party/maps/party-place#first;3
184;8.2.2;ARTtech seminars - Direct3D 11 - New Avenues of Performance;45 mins;Fri 7.8.10 10:00;Fri 7.8.10 10:45;No;No;No;Yes;No;Seminar;/summer09/seminars/sessions#direct3d;ARTtech seminars - Direct3D 11 - New Avenues of Performance;ARTtech seminars - Direct3D 11 - New Avenues of Performance;Seminar hall;Seminaarihalli;/summer09/at-party/maps/party-place#first;3
185;8.2.3;ARTtech seminars - Getting started with iPhone development;45 mins;Fri 7.8.10 11:00;Fri 7.8.10 11:45;No;No;No;Yes;No;Seminar;/summer09/seminars/sessions#iphone_start;ARTtech seminars - Getting started with iPhone development;ARTtech seminars - Getting started with iPhone development;Seminar hall;Seminaarihalli;/summer09/at-party/maps/party-place#first;3
186;8.2.4;ARTtech seminars - iPhone - learning the ways of GPU from the driver code;45 mins;Fri 7.8.10 12:00;Fri 7.8.10 12:45;No;No;No;Yes;No;Seminar;/summer09/seminars/sessions#iphone_gpu;ARTtech seminars - iPhone - learning the ways of GPU from the driver code;ARTtech seminars - iPhone - learning the ways of GPU from the driver code;Seminar hall;Seminaarihalli;/summer09/at-party/maps/party-place#first;3
187;8.2.5;ARTtech seminars - Learning how to teach making games;45 mins;Fri 7.8.10 13:00;Fri 7.8.10 13:45;No;No;No;Yes;No;Seminar;/summer09/seminars/sessions#gameteaching;ARTtech seminars - Learning how to teach making games;ARTtech seminars - Learning how to teach making games;Seminar hall;Seminaarihalli;/summer09/at-party/maps/party-place#first;3
188;8.2.6;ARTtech seminars - Distributing and Monetizing Windows Mobile Applications through the Windows Marketplace for Mobile;45 mins;Fri 7.8.10 14:00;Fri 7.8.10 14:45;No;No;No;Yes;No;Seminar;/summer09/seminars/sessions#windowsmobile;ARTtech seminars - Distributing and Monetizing Windows Mobile Applications through the Windows Marketplace for Mobile;ARTtech seminars - Distributing and Monetizing Windows Mobile Applications through the Windows Marketplace for Mobile;Seminar hall;Seminaarihalli;/summer09/at-party/maps/party-place#first;3
189;8.2.7;ARTtech seminars - Distribution of mobile content on OVI Store;45 mins;Fri 7.8.10 15:00;Fri 7.8.10 15:45;No;No;No;Yes;No;Seminar;/summer09/seminars/sessions#ovistore;ARTtech seminars - Distribution of mobile content on OVI Store;ARTtech seminars - Distribution of mobile content on OVI Store;Seminar hall;Seminaarihalli;/summer09/at-party/maps/party-place#first;3
190;8.2.8;ARTtech seminars - Developing the technology behind Love;45 mins;Fri 7.8.10 16:00;Fri 7.8.10 16:45;No;No;No;Yes;No;Seminar;/summer09/seminars/sessions#lovetech;ARTtech seminars - Developing the technology behind Love;ARTtech seminars - Developing the technology behind Love;Seminar hall;Seminaarihalli;/summer09/at-party/maps/party-place#first;3
191;8.2.9;ARTtech seminars - Rapid Game Design;45 mins;Fri 7.8.10 17:00;Fri 7.8.10 17:45;No;No;No;Yes;No;Seminar;/summer09/seminars/sessions#rapidgamedesign;ARTtech seminars - Rapid Game Design;ARTtech seminars - Rapid Game Design;Seminar hall;Seminaarihalli;/summer09/at-party/maps/party-place#first;3
192;8.2.10;ARTtech seminars - The Creation of Blueberry Garden - the inside story of the winner of IGF 2009;45 mins;Fri 7.8.10 18:00;Fri 7.8.10 18:45;No;No;No;Yes;No;Seminar;/summer09/seminars/sessions#blueberrygarden;ARTtech seminars - The Creation of Blueberry Garden - the inside story of the winner of IGF 2009;ARTtech seminars - The Creation of Blueberry Garden - the inside story of the winner of IGF 2009;Seminar hall;Seminaarihalli;/summer09/at-party/maps/party-place#first;3
193;8.2.11;ARTtech seminars - The Mystery Seminar;45 mins;Fri 7.8.10 19:00;Fri 7.8.10 19:45;No;No;No;Yes;No;Seminar;/summer09/seminars/sessions#mystery;ARTtech seminars - The Mystery Seminar;ARTtech seminars - The Mystery Seminar;Seminar hall;Seminaarihalli;/summer09/at-party/maps/party-place#first;3
194;8.2.12;ARTtech seminars - Fighting Organized Online Crime;45 mins;Fri 7.8.10 20:00;Fri 7.8.10 20:45;No;No;No;Yes;No;Seminar;/summer09/seminars/sessions#online_crime;ARTtech seminars - Fighting Organized Online Crime;ARTtech seminars - Fighting Organized Online Crime;Seminar hall;Seminaarihalli;/summer09/at-party/maps/party-place#first;3
195;8.2.13;ARTtech seminars - DJing : how to beatmix, DJing the past, now and future;60 mins;Fri 7.8.10 21:15;Fri 7.8.10 22:15;No;No;No;Yes;No;Seminar;/summer09/seminars/sessions#dj;ARTtech seminars - DJing : how to beatmix, DJing the past, now and future;ARTtech seminars - DJing : how to beatmix, DJing the past, now and future;Demoscene area;Demoskenealue;/summer09/at-party/maps/party-place#third;3
196;8.2.14;Closing down;15 mins;Fri 7.8.10 22:30;Fri 7.8.10 22:45;No;No;No;No;No;Seminar;;ARTtech seminars - ;ARTtech-seminaari - closing down;Seminar hall;Seminaarihalli;/summer09/at-party/maps/party-place#first;3
197;8.3;Seminars Saturday;645 mins;Sat 8.8.10 9:00;Sat 8.8.10 19:45;No;No;Yes;No;Yes;;;Seminars Saturday;Seminars Saturday;;;;2
198;8.3.1;Setup, equipment testing;45 mins;Sat 8.8.10 9:00;Sat 8.8.10 9:45;No;No;No;No;No;Seminar;;ARTtech seminars - ;ARTtech-seminaari - Initial setup, equipment testing;Seminar hall;Seminaarihalli;/summer09/at-party/maps/party-place#first;3
199;8.3.2;ARTtech seminars - Creativity and Art;45 mins;Sat 8.8.10 10:00;Sat 8.8.10 10:45;No;No;No;Yes;No;Seminar;/summer09/seminars/sessions#creativity;ARTtech seminars - Creativity and Art;ARTtech seminars - Creativity and Art;Seminar hall;Seminaarihalli;/summer09/at-party/maps/party-place#first;3
200;8.3.3;ARTtech seminars - Symphonic Shades - from a game console to a symphonic orchestra;45 mins;Sat 8.8.10 11:00;Sat 8.8.10 11:45;No;No;No;Yes;No;Seminar;/summer09/seminars/sessions#symphonicshades;ARTtech seminars - Symphonic Shades - from a game console to a symphonic orchestra;ARTtech seminars - Symphonic Shades - from a game console to a symphonic orchestra;Seminar hall;Seminaarihalli;/summer09/at-party/maps/party-place#first;3
201;8.3.4;ARTtech seminars - Confessions: Starting your own game company;45 mins;Sat 8.8.10 12:00;Sat 8.8.10 12:45;No;No;No;Yes;No;Seminar;/summer09/seminars/sessions#game_startup;ARTtech seminars - Confessions: Starting your own game company;ARTtech seminars - Confessions: Starting your own game company;Seminar hall;Seminaarihalli;/summer09/at-party/maps/party-place#first;3
202;8.3.5;ARTtech seminars - Integrating publicly distributed rendering with Blender: Case Renderfarm.fi;45 mins;Sat 8.8.10 13:00;Sat 8.8.10 13:45;No;No;No;Yes;No;Seminar;/summer09/seminars/sessions#ore;ARTtech seminars - Integrating publicly distributed rendering with Blender: Case Renderfarm.fi;ARTtech seminars - Integrating publicly distributed rendering with Blender: Case Renderfarm.fi;Seminar hall;Seminaarihalli;/summer09/at-party/maps/party-place#first;3
203;8.3.6;ARTtech seminars - Paneelikeskustelu tietoyhteiskunnan polttavista aiheista;105 mins;Sat 8.8.10 14:00;Sat 8.8.10 15:45;No;No;No;Yes;No;Seminar;/summer09/seminars/sessions#effi;ARTtech seminars - The hot legal & political topics in information society;ARTtech seminars - Paneelikeskustelu tietoyhteiskunnan polttavista aiheista;Seminar hall;Seminaarihalli;/summer09/at-party/maps/party-place#first;3
204;8.3.7;ARTtech seminars - Revisiting the Cyborg Manifesto: Science, Technology, and Socialist-Feminism in the 21. Century;45 mins;Sat 8.8.10 16:00;Sat 8.8.10 16:45;No;No;No;Yes;No;Seminar;/summer09/seminars/sessions#cyborgs;ARTtech seminars - Revisiting the Cyborg Manifesto: Science, Technology, and Socialist-Feminism in the 21. Century;ARTtech seminars - Revisiting the Cyborg Manifesto: Science, Technology, and Socialist-Feminism in the 21. Century;Seminar hall;Seminaarihalli;/summer09/at-party/maps/party-place#first;3
205;8.3.8;ARTtech seminars - Emulation as preservation strategy. EC Research Project KEEP discussion with emulation programmers;90 mins;Sat 8.8.10 17:00;Sat 8.8.10 18:30;No;No;No;Yes;No;Seminar;/summer09/seminars/sessions#emulation;ARTtech seminars - Emulation as preservation strategy. EC Research Project KEEP discussion with emulation programmers;ARTtech seminars - Emulation as preservation strategy. EC Research Project KEEP discussion with emulation programmers;Seminar hall;Seminaarihalli;/summer09/at-party/maps/party-place#first;3
206;8.3.9;Closing down;15 mins;Sat 8.8.10 18:30;Sat 8.8.10 18:45;No;No;No;No;No;Seminar;;ARTtech seminars - closing down;ARTtech-seminaari - closing down;Seminar hall;Seminaarihalli;/summer09/at-party/maps/party-place#first;3
207;8.3.10;Deconstruction;60 mins;Sat 8.8.10 18:45;Sat 8.8.10 19:45;No;No;No;No;No;Seminar;;ARTtech seminars - deconstruction;ARTtech-seminaari - deconstruction;Seminar hall;Seminaarihalli;/summer09/at-party/maps/party-place#first;3
208;;;;;;;;;;;;;;;;;;
209;9;Party closing;480 mins;Sun 9.8.10 10:00;Sun 9.8.10 18:00;No;No;Yes;No;Yes;;;Party closing;Party closing;;;;1
210;9.1;Loading doors open;360 mins;Sun 9.8.10 10:00;Sun 9.8.10 16:00;No;No;No;No;Yes;;;;;;;;2
211;9.1.1;Loading doors open;0 mins;Sun 9.8.10 10:00;Sun 9.8.10 10:00;No;No;Yes;Yes;No;Event;/summer09/come-to-party/leaving;Loading doors open;Lastausovet avataan;Loading entrances #1 and #2;Lastaussisäänkäynnit #1 ja #2;/summer09/at-party/maps/party-place;3
212;9.1.2;Security at the door;6 hrs;Sun 9.8.10 10:00;Sun 9.8.10 16:00;No;No;No;No;No;Security;;Security at the door;Security at the door;Loading entrances #1 and #2;Lastaussisäänkäynnit #1 ja #2;/summer09/at-party/maps/party-place;3
213;9.1.3;Extra security at the door;3 hrs;Sun 9.8.10 10:00;Sun 9.8.10 13:00;No;No;No;No;No;Security;;Extra security at the door;Extra security at the door;Loading entrances #1 and #2;Lastaussisäänkäynnit #1 ja #2;/summer09/at-party/maps/party-place;3
214;9.2;Lights go on;0 mins;Sun 9.8.10 16:15;Sun 9.8.10 16:15;No;No;Yes;Yes;No;Event;;Lights go on;Valot päälle;All areas;All areas;/summer09/at-party/maps/party-place;2
215;9.3;Party network goes down;0 mins;Sun 9.8.10 16:30;Sun 9.8.10 16:30;No;No;Yes;Yes;No;Event;;Party network goes down;Partyverkko pois päältä;All areas;All areas;/summer09/at-party/maps/party-place;2
216;9.4;Electricity is cut;0 mins;Sun 9.8.10 17:00;Sun 9.8.10 17:00;No;No;Yes;Yes;No;Event;;Electricity is cut;Sähköt pois päältä;All areas;All areas;/summer09/at-party/maps/party-place;2
217;9.5;AssemblyTV broadcast ends;0 mins;Sun 9.8.10 16:15;Sun 9.8.10 16:15;No;No;Yes;Yes;No;Event;http://www.assemblytv.net;AssemblyTV broadcast ends;AssemblyTV-lähetys päättyy;AssemblyTV;AssemblyTV;http://www.assemblytv.net;2
218;9.6;Doors close;0 mins;Sun 9.8.10 18:00;Sun 9.8.10 18:00;Yes;Yes;Yes;Yes;No;Event;/summer09/come-to-party/leaving;Loading doors closed;Lastausovet suljetaan;Loading entrances #1, #2 and #3;Lastaussisäänkäynnit #1, #2 ja #3;/summer09/at-party/maps/party-place;2
219;9.7;ASSEMBLY Summer 2009 is over;0 mins;Sun 9.8.10 18:00;Sun 9.8.10 18:00;Yes;Yes;Yes;Yes;No;Event;;ASSEMBLY Summer 2009 is over - see you next year!;ASSEMBLY Summer 2009 on ohi - nähdään ensi vuonna!;All areas;All areas;/summer09/at-party/maps/party-place#first;2
